Nom,Présentation,Statut juridique,Domaine(s),Région(s),Numéro SIREN,Fiche URSCOP,Adresse,Adhérent CoopTech,Notes,latitude,longitude,BAN_adress,BAN_adress_full,BAN_city,BAN_postcode
24Ème,Conception et développement de logiciels libres pour des communautés de métiers,SCOP,,Île-de-France (FR),,https://www.les-scop.coop/24eme?field_code_naf=&page=27,,,,48.847044,2.567443,Rue des Femmes de Fr,Rue des Femmes de Fr 93160 Noisy-le-Grand,Noisy-le-Grand,
Access 42,"Accessibilité numérique : expertise, conseil et formation.",SCOP,,Île-de-France (FR),,https://www.les-scop.coop/access-42,,,,48.847044,2.567443,Rue des Femmes de Fr,Rue des Femmes de Fr 93160 Noisy-le-Grand,Noisy-le-Grand,
Afe56.Com,Réparation de matériel informatique,SCOP,,Bretagne (FR),,https://www.les-scop.coop/afe56com?field_code_naf=&field_depart=All&field_secteur_activite_structure=1874&field_type_de_cooperative=All&locality=&search_api_fulltext=,,,,47.678914,-2.759753,Place Fred Regnier,Place Fred Regnier 56000 Vannes,Vannes,
Agilium ( Société Du Groupe Alma),édition et prestations de services informatiques,SCOP,,Auvergne-Rhône-Alpes (FR),,https://www.les-scop.coop/agilium-societe-du-groupe-alma?field_code_naf=&field_depart=1383&field_secteur_activite_structure=1868&field_type_de_cooperative=All&locality=&search_api_fulltext=,,,,45.337773,4.312641,Rue a C Afrique Fr Nord,Rue a C Afrique Fr Nord 43240 Saint-Just-Malmont,Saint-Just-Malmont,
Alma,"Edition de logiciels métier (industrie, santé) et services numériques (solutions collaboratives, systèmes et réseaux).",SCOP,,Auvergne-Rhône-Alpes (FR),,https://www.les-scop.coop/alma?federation=federations/3/&field_code_naf=&page=4,,,,45.337773,4.312641,Rue a C Afrique Fr Nord,Rue a C Afrique Fr Nord 43240 Saint-Just-Malmont,Saint-Just-Malmont,
Alter Si,"Intégration et la commercialisation de solutions informatiques pour les entreprises, programmation et développement, conseil en système d'information...",SCOP,,Île-de-France (FR),,https://www.les-scop.coop/alter-si?field_code_naf=&field_depart=All&field_secteur_activite_structure=1874&field_type_de_cooperative=All&locality=&search_api_fulltext=,,,,48.847044,2.567443,Rue des Femmes de Fr,Rue des Femmes de Fr 93160 Noisy-le-Grand,Noisy-le-Grand,
Amerema,La réalisation de prestations de services à caractère informatique graphique ou Illustratif. L'achat la vente de produits ou logiciels informatique,SCOP,,Île-de-France (FR),,https://www.les-scop.coop/amerema?field_code_naf=&field_depart=1456&field_secteur_activite_structure=All&field_type_de_cooperative=All&locality=&search_api_fulltext=,,,,48.847044,2.567443,Rue des Femmes de Fr,Rue des Femmes de Fr 93160 Noisy-le-Grand,Noisy-le-Grand,
Amr Informatique,"Conseil en informatique, maintenance, formation. Vente de matériel et de périphérique.",SCOP,,Grand Est (FR),,https://www.les-scop.coop/amr-informatique?page=6,,,,48.576464,7.751723,Rue Fred Vlès,Rue Fred Vlès 67000 Strasbourg,Strasbourg,
Arcads,Ingénierie informatique JAVA.,SCOP,,Provence-Alpes-Côte d'Azur (FR),,https://www.les-scop.coop/arcads?federation=federations/3/&field_code_naf=&page=7,,,,43.518365,5.460918,Résidence Fr Mistral All des Cigales,Résidence Fr Mistral All des Cigales 13100 Aix-en-Provence,Aix-en-Provence,
Arete,"Missions d'expertise Santé, Sécurité et Conditions de Travail pour les CSE. Formations pour les CSE : ""Santé, Sécurité et Conditions de Travail""...",SCOP,,Île-de-France (FR),,https://www.les-scop.coop/arete?federation=federations/3/&field_code_naf=&page=7,,,,48.847044,2.567443,Rue des Femmes de Fr,Rue des Femmes de Fr 93160 Noisy-le-Grand,Noisy-le-Grand,
Artim,"Tous travaux création, assistance informatique, audio-visuel et multimédia, vente et location.",SCOP,,Pays de la Loire (FR),,https://www.les-scop.coop/artim?field_code_naf=&page=27,,,,47.276991,-2.213173,Rue de la Paix et des Arts,Rue de la Paix et des Arts 44600 Saint-Nazaire,Saint-Nazaire,
Artishoc,"La réalisation de prestation de conseil, de conception et de formation de produits numériques à destination des produits culturels.",SCOP,,Île-de-France (FR),,https://www.les-scop.coop/artishoc?field_code_naf_target_id=&page=4,,,,48.847044,2.567443,Rue des Femmes de Fr,Rue des Femmes de Fr 93160 Noisy-le-Grand,Noisy-le-Grand,
Aspodelk,"Multimédia - Création, développement et gestion de réseaux informatiques, base de données en ligne.",SCOP,,Occitanie (FR),,https://www.les-scop.coop/aspodelk?field_code_naf=&field_secteur_activite_structure=1874&page=3,,,,43.768257,2.003781,Rue C E Fr Italie 1943 1944,Rue C E Fr Italie 1943 1944 81300 Graulhet,Graulhet,
Assistance Logiciels Formation Informatique,"Vente et maintenance de matériels et logiciels, formation et assistance. Spécialiste en gestion commerciale, comptabilité, paie et point de vente...",SCOP,,Hauts-de-France (FR),,https://www.les-scop.coop/assistance-logiciels-formation-informatique,,,,49.595095,3.374697,Rue de la 1ere Div Fr Libre,Rue de la 1ere Div Fr Libre 02410 Saint-Gobain,Saint-Gobain,
Astrolabe Cae,CAE informatique,CAE,,Bretagne (FR),,https://www.les-scop.coop/astrolabe-cae?field_code_naf_target_id=&page=4,,,,47.678914,-2.759753,Place Fred Regnier,Place Fred Regnier 56000 Vannes,Vannes,
Avalon Lab,Conseil en systèmes et logiciels informatiques.,SCOP,,Bretagne (FR),,https://www.les-scop.coop/avalon-lab?field_code_naf=&page=12,,,,47.678914,-2.759753,Place Fred Regnier,Place Fred Regnier 56000 Vannes,Vannes,
Avizzeo,Prestation de services informatiques.,SCOP,,Occitanie (FR),,https://www.les-scop.coop/avizzeo?field_code_naf=&page=12,,,,43.768257,2.003781,Rue C E Fr Italie 1943 1944,Rue C E Fr Italie 1943 1944 81300 Graulhet,Graulhet,
Be My Media,"édition de logiciel ,prestation d'accompagnement, éducation aux médias",SCOP,,Auvergne-Rhône-Alpes (FR),,https://www.les-scop.coop/be-my-media?field_code_naf_target_id=&page=4,,,,45.337773,4.312641,Rue a C Afrique Fr Nord,Rue a C Afrique Fr Nord 43240 Saint-Just-Malmont,Saint-Just-Malmont,
Bearstech,"Hébergement administration système, infogérance, développement d'applications web ou mobile, conseil, information R&D.",SCOP,,Île-de-France (FR),,https://www.les-scop.coop/bearstech,,,,48.847044,2.567443,Rue des Femmes de Fr,Rue des Femmes de Fr 93160 Noisy-le-Grand,Noisy-le-Grand,
C2Rt Entreprise,"Maintenance, vente, réparation de matériels et logiciel informatiques. Formation",SCOP,,Nouvelle-Aquitaine (FR),,https://www.les-scop.coop/c2rt-entreprise?page=14,,,,44.766256,-1.1208,Allee d’Aquitaine,Allee d’Aquitaine 33740 Arès,Arès,
Cadoles,Conseil en systemes et logiciels,SCOP,,Bourgogne-Franche-Comté (FR),,https://www.les-scop.coop/cadoles?field_code_naf=&page=11,,,,47.354623,4.213673,Rue des Creux de la Terre - Fr,Rue des Creux de la Terre - Fr 21210 Lacour-d'Arcenay,Lacour-d'Arcenay,
Caleido Scop,"Développement de logiciel, informatique graphique.",SCOP,,Provence-Alpes-Côte d'Azur (FR),,https://www.les-scop.coop/caleido-scop?federation=federations/3/&field_code_naf=&page=4,,,,43.518365,5.460918,Résidence Fr Mistral All des Cigales,Résidence Fr Mistral All des Cigales 13100 Aix-en-Provence,Aix-en-Provence,
Card,Conception et commercialisation de produits informatiques,SCOP,,Provence-Alpes-Côte d'Azur (FR),,https://www.les-scop.coop/card?field_code_naf=&field_secteur_activite_structure=1874&page=3,,,,43.518365,5.460918,Résidence Fr Mistral All des Cigales,Résidence Fr Mistral All des Cigales 13100 Aix-en-Provence,Aix-en-Provence,
Cbao,Réalisation de logiciels.,SCOP,,Occitanie (FR),,https://www.les-scop.coop/cbao?field_code_naf=&field_secteur_activite_structure=1866&page=2,,,,43.768257,2.003781,Rue C E Fr Italie 1943 1944,Rue C E Fr Italie 1943 1944 81300 Graulhet,Graulhet,
Ceicom Solutions,"Société de services informatiques. Éditeur de logiciels, hébergement, internet.",SCOP,,Occitanie (FR),,https://www.les-scop.coop/ceicom-solutions?field_code_naf=&field_depart=1424&field_secteur_activite_structure=All&field_type_de_cooperative=All&locality=&search_api_fulltext=,,,,43.768257,2.003781,Rue C E Fr Italie 1943 1944,Rue C E Fr Italie 1943 1944 81300 Graulhet,Graulhet,
Cely Informatique,"Prestation de service informatique, vente de matériels et de logiciels.",SCOP,,Provence-Alpes-Côte d'Azur (FR),,https://www.les-scop.coop/cely-informatique?field_code_naf=&page=27,,,,43.518365,5.460918,Résidence Fr Mistral All des Cigales,Résidence Fr Mistral All des Cigales 13100 Aix-en-Provence,Aix-en-Provence,
Cevennes Libres,"La promotion de l’informatique libre, la collecte, le reconditionnement, le don, l'initiation, la formation, l'installation, la maintenance de...",SCOP,,Occitanie (FR),,https://www.les-scop.coop/cevennes-libres?field_code_naf=&field_depart=All&field_secteur_activite_structure=1874&field_type_de_cooperative=All&locality=&search_api_fulltext=,,,,43.768257,2.003781,Rue C E Fr Italie 1943 1944,Rue C E Fr Italie 1943 1944 81300 Graulhet,Graulhet,
Cifea-Mkg,"Informatique, traitement de données, gestion de fichiers, publipostage, activité de routage, d'affranchissement et de colisage, opérations...",SCOP,,Auvergne-Rhône-Alpes (FR),,https://www.les-scop.coop/cifea-mkg?field_code_naf=&page=27,,,,45.337773,4.312641,Rue a C Afrique Fr Nord,Rue a C Afrique Fr Nord 43240 Saint-Just-Malmont,Saint-Just-Malmont,
Confluence Conseil,Conseil et assistance dans le domaine des systèmes et logiciels informatiques.,SCOP,,Auvergne-Rhône-Alpes (FR),,https://www.les-scop.coop/confluence-conseil?field_code_naf=&field_depart=1384&field_secteur_activite_structure=1875&field_type_de_cooperative=All&locality=&search_api_fulltext=,,,,45.337773,4.312641,Rue a C Afrique Fr Nord,Rue a C Afrique Fr Nord 43240 Saint-Just-Malmont,Saint-Just-Malmont,
Coopgo,la société coopérative poursuite comme objectif principal la recherche d'une utilité sociale. cet objectif se réalise notamment à travers les...,SCOP,,Provence-Alpes-Côte d'Azur (FR),,https://www.les-scop.coop/coopgo,,,,43.518365,5.460918,Résidence Fr Mistral All des Cigales,Résidence Fr Mistral All des Cigales 13100 Aix-en-Provence,Aix-en-Provence,
Dalibo,Prestations de services informatiques.,SCOP,,Île-de-France (FR),,https://www.les-scop.coop/dalibo?page=8,,,,48.847044,2.567443,Rue des Femmes de Fr,Rue des Femmes de Fr 93160 Noisy-le-Grand,Noisy-le-Grand,
Datakit,"Programmation, informatique, fabrication et vente de logiciels d'échange de données.",SCOP,,Auvergne-Rhône-Alpes (FR),,https://www.les-scop.coop/datakit,,,,45.337773,4.312641,Rue a C Afrique Fr Nord,Rue a C Afrique Fr Nord 43240 Saint-Just-Malmont,Saint-Just-Malmont,
Deltacad,"Réalisation et commercialisation de produits informatiques techniques.Développement de logiciel spécifique en CAO, calcul, gestion de données...",SCOP,,Hauts-de-France (FR),,https://www.les-scop.coop/deltacad?federation=federations/3/&field_code_naf=&page=7,,,,49.595095,3.374697,Rue de la 1ere Div Fr Libre,Rue de la 1ere Div Fr Libre 02410 Saint-Gobain,Saint-Gobain,
Devcoop,Prestation de sercices en ingénierie informatique.,SCOP,,Nouvelle-Aquitaine (FR),,https://www.les-scop.coop/devcoop?field_code_naf_target_id=&page=4,,,,44.766256,-1.1208,Allee d’Aquitaine,Allee d’Aquitaine 33740 Arès,Arès,
Diademe Ingénierie,Programmation informatique (6201Z),SCOP,,Auvergne-Rhône-Alpes (FR),,https://www.les-scop.coop/diademe-ingenierie?federation=federations/3/&field_code_naf=&page=7,,,,45.337773,4.312641,Rue a C Afrique Fr Nord,Rue a C Afrique Fr Nord 43240 Saint-Just-Malmont,Saint-Just-Malmont,
Digicoop,"Conception, réalisation et commercialisation de produits et services numériques innovants.",SCOP,,Île-de-France (FR),,https://www.les-scop.coop/digicoop?field_code_naf=&field_depart=1456&field_secteur_activite_structure=All&field_type_de_cooperative=All&locality=&search_api_fulltext=,,,,48.847044,2.567443,Rue des Femmes de Fr,Rue des Femmes de Fr 93160 Noisy-le-Grand,Noisy-le-Grand,
Digitanie,"Réalisation de logiciels, communication numérique, site internet, conseil en génie logiciel. Design et P.A.O",SCOP,,Occitanie (FR),,https://www.les-scop.coop/digitanie?field_code_naf_target_id=&page=4,,,,43.768257,2.003781,Rue C E Fr Italie 1943 1944,Rue C E Fr Italie 1943 1944 81300 Graulhet,Graulhet,
Dixquinze,"Impression images, photos, supports",SCOP,,Île-de-France (FR),,https://www.les-scop.coop/dixquinze?page=7,,,,48.847044,2.567443,Rue des Femmes de Fr,Rue des Femmes de Fr 93160 Noisy-le-Grand,Noisy-le-Grand,
Débutant-E Accepté-E,Développement informatique,SCOP,,Bourgogne-Franche-Comté (FR),,https://www.les-scop.coop/debutant-e-accepte-e?page=13,,,,47.354623,4.213673,Rue des Creux de la Terre - Fr,Rue des Creux de la Terre - Fr 21210 Lacour-d'Arcenay,Lacour-d'Arcenay,
E-Cosi,"Conseil en systemes et logiciels informatiques, services numeriques.",SCOP,,Pays de la Loire (FR),,https://www.les-scop.coop/e-cosi?field_code_naf=&field_depart=All&field_secteur_activite_structure=1879&field_type_de_cooperative=All&locality=&search_api_fulltext=,,,,47.276991,-2.213173,Rue de la Paix et des Arts,Rue de la Paix et des Arts 44600 Saint-Nazaire,Saint-Nazaire,
E-Learning Touch',"Ingenierie pédagogique, conception d'outils multimédia, prestations de services dans le domaine de l'Internet, formation des acteurs aux usages de l...",SCOP,,Bretagne (FR),,https://www.les-scop.coop/e-learning-touch,,,,47.678914,-2.759753,Place Fred Regnier,Place Fred Regnier 56000 Vannes,Vannes,
Emerix,"Dépannage, vente, installation, maintenance de système informatique et réseaux.",SCOP,,Provence-Alpes-Côte d'Azur (FR),,https://www.les-scop.coop/emerix,,,,43.518365,5.460918,Résidence Fr Mistral All des Cigales,Résidence Fr Mistral All des Cigales 13100 Aix-en-Provence,Aix-en-Provence,
Empreinte Digitale,Solutions numériques responsables /digital,SCOP,,Pays de la Loire (FR),,https://www.les-scop.coop/empreinte-digitale,,,,47.276991,-2.213173,Rue de la Paix et des Arts,Rue de la Paix et des Arts 44600 Saint-Nazaire,Saint-Nazaire,
Enovalp,Conseil en sytèmes et services informatiques.,SCOP,,Auvergne-Rhône-Alpes (FR),,https://www.les-scop.coop/enovalp?field_code_naf=&field_depart=1383&field_secteur_activite_structure=1868&field_type_de_cooperative=All&locality=&search_api_fulltext=,,,,45.337773,4.312641,Rue a C Afrique Fr Nord,Rue a C Afrique Fr Nord 43240 Saint-Just-Malmont,Saint-Just-Malmont,
Entr'Ouvert,Conseil programation informatique,SCOP,,Île-de-France (FR),,https://www.les-scop.coop/entr-ouvert?field_code_naf=&field_secteur_activite_structure=1874&page=3,,,,48.847044,2.567443,Rue des Femmes de Fr,Rue des Femmes de Fr 93160 Noisy-le-Grand,Noisy-le-Grand,
Espri Digital,"Création, fabrication, commercialisation et vente de produits, services et prestations de conseil liés à l'informatisation et l'automatisation.",SCOP,,Normandie (FR),,https://www.les-scop.coop/espri-digital?federation=federations/3/&field_code_naf=&page=39,,,,49.178457,-0.368442,Rue Fred Scamaroni,Rue Fred Scamaroni 14000 Caen,Caen,
Etyssa,Création et gestion de plateforme de mise en relation des habitants pour les collectivités locales.,SCOP,,Île-de-France (FR),,https://www.les-scop.coop/etyssa,,,,48.847044,2.567443,Rue des Femmes de Fr,Rue des Femmes de Fr 93160 Noisy-le-Grand,Noisy-le-Grand,
Exantis Informatique,"Equipement pour le traitement de l'information pour les ordinateurs et leurs périphériques, service d'installation et de maintenance informatique.",SCOP,,Provence-Alpes-Côte d'Azur (FR),,https://www.les-scop.coop/exantis-informatique?field_code_naf_target_id=&page=23,,,,43.518365,5.460918,Résidence Fr Mistral All des Cigales,Résidence Fr Mistral All des Cigales 13100 Aix-en-Provence,Aix-en-Provence,
Expertise Technologies Maintenance Informatique,"Prestation de service, conseils, formation, vente de matériels, logiciels informatiques.",SCOP,,Normandie (FR),,https://www.les-scop.coop/expertise-technologies-maintenance-informatique?field_code_naf=&field_secteur_activite_structure=1872&page=2,,,,49.178457,-0.368442,Rue Fred Scamaroni,Rue Fred Scamaroni 14000 Caen,Caen,
Explo-It,Conseil en systèmes et logiciels informatiques.,SCOP,,Auvergne-Rhône-Alpes (FR),,https://www.les-scop.coop/explo-it,,,,45.337773,4.312641,Rue a C Afrique Fr Nord,Rue a C Afrique Fr Nord 43240 Saint-Just-Malmont,Saint-Just-Malmont,
Fairness,"Etude, conseil, accompagnement, organisation et suivi de projets informatiques et nouvelles technologies. Création et développement de sites internet...",SCOP,,Île-de-France (FR),,https://www.les-scop.coop/fairness?page=4,,,,48.847044,2.567443,Rue des Femmes de Fr,Rue des Femmes de Fr 93160 Noisy-le-Grand,Noisy-le-Grand,
Feelu,"Développement de logiciel, d'applications, de plateformes, création de support de communication. Animation de rencontres, formation, consulting",SCOP,,Occitanie (FR),,https://www.les-scop.coop/feelu?federation=federations/3/&field_code_naf=&page=7,,,,43.768257,2.003781,Rue C E Fr Italie 1943 1944,Rue C E Fr Italie 1943 1944 81300 Graulhet,Graulhet,
Gefiscope,Société de service-conseil informatique.,SCOP,,Nouvelle-Aquitaine (FR),,https://www.les-scop.coop/gefiscope?page=3,,,,44.766256,-1.1208,Allee d’Aquitaine,Allee d’Aquitaine 33740 Arès,Arès,
Happyculture,"Développement sites internet, Conseil/Accompagnement, formation.",SCOP,,Île-de-France (FR),,https://www.les-scop.coop/happyculture?federation=federations/3/&field_code_naf=&page=41,,,,48.847044,2.567443,Rue des Femmes de Fr,Rue des Femmes de Fr 93160 Noisy-le-Grand,Noisy-le-Grand,
Hashbang,"Services de conseil, d'ingénierie, de développement logiciels, d'hébergement, de maintenance (SAV) et de formation dans les domaines de l'informatique...",SCOP,,Auvergne-Rhône-Alpes (FR),,https://www.les-scop.coop/hashbang,,,,45.337773,4.312641,Rue a C Afrique Fr Nord,Rue a C Afrique Fr Nord 43240 Saint-Just-Malmont,Saint-Just-Malmont,
Heredis,Editeur de logiciels de généalogie.,SCOP,,Occitanie (FR),,https://www.les-scop.coop/heredis,,,,43.768257,2.003781,Rue C E Fr Italie 1943 1944,Rue C E Fr Italie 1943 1944 81300 Graulhet,Graulhet,
Hizkia,"Conception, développement , commercialisation de toute application informatique ou linguistique, formation achat,vente de matériel",SCOP,,Nouvelle-Aquitaine (FR),,https://www.les-scop.coop/hizkia?page=7,,,,44.766256,-1.1208,Allee d’Aquitaine,Allee d’Aquitaine 33740 Arès,Arès,
Hupstream,"Conseil, ingénierie, production informatique, logiciels libres",SCOP,,Île-de-France (FR),,https://www.les-scop.coop/hupstream?field_code_naf=&field_secteur_activite_structure=1867&page=6,,,,48.847044,2.567443,Rue des Femmes de Fr,Rue des Femmes de Fr 93160 Noisy-le-Grand,Noisy-le-Grand,
Hyco,Édition de logiciel et prestations d’accompagnement à leur mise en place,SCOP,,Auvergne-Rhône-Alpes (FR),,https://www.les-scop.coop/hyco?field_code_naf_target_id=&page=4,,,,45.337773,4.312641,Rue a C Afrique Fr Nord,Rue a C Afrique Fr Nord 43240 Saint-Just-Malmont,Saint-Just-Malmont,
Id Nouvelles,"Assistance technique, conseil, ingénierie, développement, vente, formation, traduction, documentation, prestations de services en informatique...",SCOP,,Île-de-France (FR),,https://www.les-scop.coop/id-nouvelles,,,,48.847044,2.567443,Rue des Femmes de Fr,Rue des Femmes de Fr 93160 Noisy-le-Grand,Noisy-le-Grand,
Impulsion Digitale Rh,"Audit, services, accompagnement et ingénierie.",SCOP,,Provence-Alpes-Côte d'Azur (FR),,https://www.les-scop.coop/impulsion-digitale-rh?page=13,,,,43.518365,5.460918,Résidence Fr Mistral All des Cigales,Résidence Fr Mistral All des Cigales 13100 Aix-en-Provence,Aix-en-Provence,
Incaya,"Assistance à maîtrise d'ouvrage, veille et innovation technique. Réalisation de prototypes logiciels et matériels pour projets scientifiques...",SCOP,,Île-de-France (FR),,https://www.les-scop.coop/incaya?field_code_naf=&field_depart=All&field_secteur_activite_structure=1879&field_type_de_cooperative=All&locality=&search_api_fulltext=,,,,48.847044,2.567443,Rue des Femmes de Fr,Rue des Femmes de Fr 93160 Noisy-le-Grand,Noisy-le-Grand,
Infologis,"Développement, mise au point et vente de tous logiciels informatisés liés au domaine du service à la personne au domicile.",SCOP,,Centre-Val de Loire (FR),,https://www.les-scop.coop/infologis,,,,47.842072,2.000717,Chemin de la Hare,Chemin de la Hare 45590 Saint-Cyr-en-Val,Saint-Cyr-en-Val,
Insiders.Coop,Coopérative de Service en Informatique décisionnelle et gestion de données,SCOP,,Île-de-France (FR),,https://www.les-scop.coop/insiderscoop?field_code_naf=&page=13&selector=.js-view-dom-id-2587f8e44cf9c3af95fdb218b23fa72a45fe0c881655bd3c3bd46c231dcf11c6,,,,48.847044,2.567443,Rue des Femmes de Fr,Rue des Femmes de Fr 93160 Noisy-le-Grand,Noisy-le-Grand,
Insite,"Création, maintenance, et promotion de serveurs web ; la location et la revente de matériels et de logiciels informatiques, le...",SCOP,,Hauts-de-France (FR),,https://www.les-scop.coop/insite,,,,49.595095,3.374697,Rue de la 1ere Div Fr Libre,Rue de la 1ere Div Fr Libre 02410 Saint-Gobain,Saint-Gobain,
Intis,Cabinet de conseil pour la performance.,SCOP,,Île-de-France (FR),,https://www.les-scop.coop/intis?page=4,,,,48.847044,2.567443,Rue des Femmes de Fr,Rue des Femmes de Fr 93160 Noisy-le-Grand,Noisy-le-Grand,
Inventiv It,Conseil dans les technologies de l'information.,SCOP,,Île-de-France (FR),,https://www.les-scop.coop/inventiv-it?field_code_naf_target_id=&page=4,,,,48.847044,2.567443,Rue des Femmes de Fr,Rue des Femmes de Fr 93160 Noisy-le-Grand,Noisy-le-Grand,
Jolly Rogers Productions,Production audiovisuelle et jeux vidéo,SCOP,,Provence-Alpes-Côte d'Azur (FR),,https://www.les-scop.coop/jolly-rogers-productions?federation=federations/3/&field_code_naf=&page=41,,,,43.518365,5.460918,Résidence Fr Mistral All des Cigales,Résidence Fr Mistral All des Cigales 13100 Aix-en-Provence,Aix-en-Provence,
Kalimetrix,"Réalisation et vente de logiciels, prestation de services en informatique, commercialisation de tous systèmes informatiques, formation informatique.",SCOP,,Occitanie (FR),,https://www.les-scop.coop/kalimetrix?field_code_naf=&field_depart=All&field_secteur_activite_structure=1874&field_type_de_cooperative=All&locality=&search_api_fulltext=,,,,43.768257,2.003781,Rue C E Fr Italie 1943 1944,Rue C E Fr Italie 1943 1944 81300 Graulhet,Graulhet,
Kapei,Société de services et d'ingénierie en informatique,SCOP,,Auvergne-Rhône-Alpes (FR),,https://www.les-scop.coop/kapei,,,,45.337773,4.312641,Rue a C Afrique Fr Nord,Rue a C Afrique Fr Nord 43240 Saint-Just-Malmont,Saint-Just-Malmont,
Kauriweb,"Agence de communication, conception et réalisation de sites internet et d'applications multimédia, formation et conseil en entreprises, maintenance...",SCOP,,Occitanie (FR),,https://www.les-scop.coop/kauriweb,,,,43.768257,2.003781,Rue C E Fr Italie 1943 1944,Rue C E Fr Italie 1943 1944 81300 Graulhet,Graulhet,
Kawagency,Développement de solutions numériques : sites internet / e-commerce / applications mobiles et vidéos,SCOP,,Grand Est (FR),,https://www.les-scop.coop/kawagency?field_code_naf_target_id=&page=4,,,,48.576464,7.751723,Rue Fred Vlès,Rue Fred Vlès 67000 Strasbourg,Strasbourg,
Kelis,Conseil et développement de systèmes d'information.,SCOP,,Hauts-de-France (FR),,https://www.les-scop.coop/kelis,,,,49.595095,3.374697,Rue de la 1ere Div Fr Libre,Rue de la 1ere Div Fr Libre 02410 Saint-Gobain,Saint-Gobain,
Kibatic,"Prestation de tous services informatiques, développement, production de logiciels - Hébergement conseil informatique.",SCOP,,Auvergne-Rhône-Alpes (FR),,https://www.les-scop.coop/kibatic?field_code_naf=&field_secteur_activite_structure=1874&page=3,,,,45.337773,4.312641,Rue a C Afrique Fr Nord,Rue a C Afrique Fr Nord 43240 Saint-Just-Malmont,Saint-Just-Malmont,
Kodyssee,Développement Informatique,SCOP,,Bretagne (FR),,https://www.les-scop.coop/kodyssee,,,,47.678914,-2.759753,Place Fred Regnier,Place Fred Regnier 56000 Vannes,Vannes,
La Coopérative Des Internets,Développement web,SCOP,,Auvergne-Rhône-Alpes (FR),,https://www.les-scop.coop/la-cooperative-des-internets?field_code_naf=&field_depart=All&field_secteur_activite_structure=1875&field_type_de_cooperative=All&locality=&search_api_fulltext=,,,,45.337773,4.312641,Rue a C Afrique Fr Nord,Rue a C Afrique Fr Nord 43240 Saint-Just-Malmont,Saint-Just-Malmont,
La Poule Noire,Création de produits vidéo-ludiques.,SCOP,,Nouvelle-Aquitaine (FR),,https://www.les-scop.coop/la-poule-noire?page=4,,,,44.766256,-1.1208,Allee d’Aquitaine,Allee d’Aquitaine 33740 Arès,Arès,
La Republique Du Clic (Lrdc),Agence en stratégie digitale et e-commerce.,SCOP,,Auvergne-Rhône-Alpes (FR),,https://www.les-scop.coop/la-republique-du-clic-lrdc,,,,45.337773,4.312641,Rue a C Afrique Fr Nord,Rue a C Afrique Fr Nord 43240 Saint-Just-Malmont,Saint-Just-Malmont,
Laetis Solutions Interactives,"Laëtis est une SCOP de 17 personnes, basée à Arvieu en Aveyron. L’agence co-conçoit et construit des solutions interactives utiles à la vie de tous...",SCOP,,Occitanie (FR),,https://www.les-scop.coop/laetis-solutions-interactives?field_code_naf=&field_depart=1383&field_secteur_activite_structure=1868&field_type_de_cooperative=All&locality=&search_api_fulltext=,,,,43.768257,2.003781,Rue C E Fr Italie 1943 1944,Rue C E Fr Italie 1943 1944 81300 Graulhet,Graulhet,
Le Carré Numérique,hébergement de données et applications en cloud privé,SCOP,,Île-de-France (FR),,https://www.les-scop.coop/le-carre-numerique?page=4,,,,48.847044,2.567443,Rue des Femmes de Fr,Rue des Femmes de Fr 93160 Noisy-le-Grand,Noisy-le-Grand,
Le Filament,La Société coopérative poursuit comme objectif principal la recherche d’une utilité sociale. L’utilité sociale de la coopérative se traduit au travers...,SCOP,,Occitanie (FR),,https://www.les-scop.coop/le-filament?field_code_naf=&page=27,,,,43.768257,2.003781,Rue C E Fr Italie 1943 1944,Rue C E Fr Italie 1943 1944 81300 Graulhet,Graulhet,
Les Developpements Durables,"Multimédia - Service en logiciel libre: conseil, developpement, formation, accompagnement et maintenance (support technique).",SCOP,,Nouvelle-Aquitaine (FR),,https://www.les-scop.coop/les-developpements-durables?field_code_naf=&page=96&selector=.js-view-dom-id-952813ef72cf7de845e67dd7594fac5e5e15f570cfc9d3e977101415dd7f1763,,,,44.766256,-1.1208,Allee d’Aquitaine,Allee d’Aquitaine 33740 Arès,Arès,
Les Octets Libres,Programmation informatique.,SCOP,,Bretagne (FR),,https://www.les-scop.coop/les-octets-libres?federation=federations/3/&field_code_naf=&page=41,,,,47.678914,-2.759753,Place Fred Regnier,Place Fred Regnier 56000 Vannes,Vannes,
Libriciel,"Financement et coordination du développement de logiciels libres métier à l'intention des collectivité territoriales, des administrations et des...",SCOP,,Occitanie (FR),,https://www.les-scop.coop/libriciel?field_code_naf=&field_depart=1383&field_secteur_activite_structure=1868&field_type_de_cooperative=All&locality=&search_api_fulltext=,,,,43.768257,2.003781,Rue C E Fr Italie 1943 1944,Rue C E Fr Italie 1943 1944 81300 Graulhet,Graulhet,
Logeas Informatique,"Vente d’un logiciel de comptabilité et de gestion de fichiers LoGeAs WEB, formation et assistance, développements sur mesure",SCOP,,Occitanie (FR),,https://www.les-scop.coop/logeas-informatique?field_code_naf=&field_depart=All&field_secteur_activite_structure=All&field_type_de_cooperative=All&locality=&search_api_fulltext=24%20e,,,,43.768257,2.003781,Rue C E Fr Italie 1943 1944,Rue C E Fr Italie 1943 1944 81300 Graulhet,Graulhet,
Lovnyweb,communication online,SCOP,,Provence-Alpes-Côte d'Azur (FR),,https://www.les-scop.coop/lovnyweb?federation=federations/3/&field_code_naf=&page=41,,,,43.518365,5.460918,Résidence Fr Mistral All des Cigales,Résidence Fr Mistral All des Cigales 13100 Aix-en-Provence,Aix-en-Provence,
Majerti,Informatique et ingénierie des systèmes d'information.,SCOP,,Bourgogne-Franche-Comté (FR),,https://www.les-scop.coop/majerti?page=4,,,,47.354623,4.213673,Rue des Creux de la Terre - Fr,Rue des Creux de la Terre - Fr 21210 Lacour-d'Arcenay,Lacour-d'Arcenay,
Makewaves,"Conception et développement informatique, administration et maintenance de site internet et d'application mobile, création d'identités visuelles...",SCOP,,Hauts-de-France (FR),,https://www.les-scop.coop/makewaves?page=4,,,,49.595095,3.374697,Rue de la 1ere Div Fr Libre,Rue de la 1ere Div Fr Libre 02410 Saint-Gobain,Saint-Gobain,
Mezcalito,Prestations de services informatiques.,SCOP,,Auvergne-Rhône-Alpes (FR),,https://www.les-scop.coop/mezcalito,,,,45.337773,4.312641,Rue a C Afrique Fr Nord,Rue a C Afrique Fr Nord 43240 Saint-Just-Malmont,Saint-Just-Malmont,
Motion Twin,Création multi-média.,SCOP,,Nouvelle-Aquitaine (FR),,https://www.les-scop.coop/motion-twin?field_code_naf_target_id=&page=4,,,,44.766256,-1.1208,Allee d’Aquitaine,Allee d’Aquitaine 33740 Arès,Arès,
Multi,Coopérative pour un numérique d'intérêt général,SCOP,"web, data",Île-de-France (FR),830141321,,116 rue Dalayrac 94120 Fontenay-sous-Bois,non,,48.847044,2.567443,Rue des Femmes de Fr,Rue des Femmes de Fr 93160 Noisy-le-Grand,Noisy-le-Grand,
Nectar De Code,"Conseil en informtique, développement d'applications, formation.",SCOP,,Provence-Alpes-Côte d'Azur (FR),,https://www.les-scop.coop/nectar-de-code?field_code_naf=&field_depart=1401,,,,43.518365,5.460918,Résidence Fr Mistral All des Cigales,Résidence Fr Mistral All des Cigales 13100 Aix-en-Provence,Aix-en-Provence,
Nereide,Société de service en logiciel libre spécialisée dans le développement de solutions de gestion pour les entreprises.,SCOP,,Centre-Val de Loire (FR),,https://www.les-scop.coop/nereide?field_code_naf=&field_depart=1386&field_secteur_activite_structure=1876&field_type_de_cooperative=All&locality=&search_api_fulltext=,,,,47.842072,2.000717,Chemin de la Hare,Chemin de la Hare 45590 Saint-Cyr-en-Val,Saint-Cyr-en-Val,
Nethik,Création et gestion de tous produits liés à l'Internet.,SCOP,,Occitanie (FR),,https://www.les-scop.coop/nethik,,,,43.768257,2.003781,Rue C E Fr Italie 1943 1944,Rue C E Fr Italie 1943 1944 81300 Graulhet,Graulhet,
Netmedia,Multimédia - Réalisation et référencement de sites internet. Edition et communication tous supports.,SCOP,,Provence-Alpes-Côte d'Azur (FR),,https://www.les-scop.coop/netmedia?field_code_naf=&field_depart=All&field_secteur_activite_structure=1874&field_type_de_cooperative=All&locality=&search_api_fulltext=,,,,43.518365,5.460918,Résidence Fr Mistral All des Cigales,Résidence Fr Mistral All des Cigales 13100 Aix-en-Provence,Aix-en-Provence,
Neuronnexion,"Toutes activités relevant de l'informatique en général, développement spécifique, formation, hébergement.",SCOP,,Hauts-de-France (FR),,https://www.les-scop.coop/neuronnexion?field_code_naf_target_id=&page=18,,,,49.595095,3.374697,Rue de la 1ere Div Fr Libre,Rue de la 1ere Div Fr Libre 02410 Saint-Gobain,Saint-Gobain,
Noesya,Développement Web.,SCOP,,Nouvelle-Aquitaine (FR),,https://www.les-scop.coop/noesya?federation=federations/3/&field_code_naf=&page=41,,,,44.766256,-1.1208,Allee d’Aquitaine,Allee d’Aquitaine 33740 Arès,Arès,
Novasys,Planification et conception de systèmes informatiques intégrant les technologies de matériels des logiciels et des communications.,SCOP,,Bretagne (FR),,https://www.les-scop.coop/novasys?federation=federations/3/&field_code_naf=&page=41,,,,47.678914,-2.759753,Place Fred Regnier,Place Fred Regnier 56000 Vannes,Vannes,
Ochelys,Le conseil et la conception des systèmes d'information.,SCOP,,Auvergne-Rhône-Alpes (FR),,https://www.les-scop.coop/ochelys?field_code_naf_target_id=&page=4,,,,45.337773,4.312641,Rue a C Afrique Fr Nord,Rue a C Afrique Fr Nord 43240 Saint-Just-Malmont,Saint-Just-Malmont,
Olkoa,Audit et conseil en organisation et système d'information.,SCOP,,Auvergne-Rhône-Alpes (FR),,https://www.les-scop.coop/olkoa?field_code_naf=&field_depart=All&field_secteur_activite_structure=1874&field_type_de_cooperative=All&locality=&search_api_fulltext=,,,,45.337773,4.312641,Rue a C Afrique Fr Nord,Rue a C Afrique Fr Nord 43240 Saint-Just-Malmont,Saint-Just-Malmont,
Openscop,"Conseils, formations et prestations de services et technologie de l'information et de la communication (TIC) et accompagnateur d'usages numériques...",SCOP,,Auvergne-Rhône-Alpes (FR),,https://www.les-scop.coop/openscop?field_code_naf=&page=11,,,,45.337773,4.312641,Rue a C Afrique Fr Nord,Rue a C Afrique Fr Nord 43240 Saint-Just-Malmont,Saint-Just-Malmont,
Owlnext,Services informatiques,SCOP,,Bourgogne-Franche-Comté (FR),,https://www.les-scop.coop/owlnext,,,,47.354623,4.213673,Rue des Creux de la Terre - Fr,Rue des Creux de la Terre - Fr 21210 Lacour-d'Arcenay,Lacour-d'Arcenay,
Pankzsoft,développement et conseil en développement informatique,SCOP,,Île-de-France (FR),,https://www.les-scop.coop/pankzsoft,,,,48.847044,2.567443,Rue des Femmes de Fr,Rue des Femmes de Fr 93160 Noisy-le-Grand,Noisy-le-Grand,
Partners Solution Informatique,Prestations Informatiques. Infrastructure réseau et Télécom.,SCOP,,Grand Est (FR),,https://www.les-scop.coop/partners-solution-informatique?page=5,,,,48.576464,7.751723,Rue Fred Vlès,Rue Fred Vlès 67000 Strasbourg,Strasbourg,
Pragma Peritus,"Developpement sur mesure et maintenance de solutions informatiques, robotiques, organisationnelles pour le compte de clients et en compte propre...",SCOP,,Île-de-France (FR),,https://www.les-scop.coop/pragma-peritus,,,,48.847044,2.567443,Rue des Femmes de Fr,Rue des Femmes de Fr 93160 Noisy-le-Grand,Noisy-le-Grand,
Praxinos,"Développement de solutions logicielles sur Unreal Engine, à destination des industries du divertissement (cinéma d'animation et jeu vidéo).",SCOP,,Grand Est (FR),,https://www.les-scop.coop/praxinos?field_code_naf=&field_depart=1424&field_secteur_activite_structure=All&field_type_de_cooperative=All&locality=&search_api_fulltext=,,,,48.576464,7.751723,Rue Fred Vlès,Rue Fred Vlès 67000 Strasbourg,Strasbourg,
Probesys,Prestataire de services en logiciels libres.,SCOP,,Auvergne-Rhône-Alpes (FR),,https://www.les-scop.coop/probesys?field_code_naf=&field_depart=All&field_secteur_activite_structure=1872&field_type_de_cooperative=All&locality=PARIS&search_api_fulltext=,,,,45.337773,4.312641,Rue a C Afrique Fr Nord,Rue a C Afrique Fr Nord 43240 Saint-Just-Malmont,Saint-Just-Malmont,
Promethee Services,Service infomatique.,SCOP,,Île-de-France (FR),,https://www.les-scop.coop/promethee-services?page=7,,,,48.847044,2.567443,Rue des Femmes de Fr,Rue des Femmes de Fr 93160 Noisy-le-Grand,Noisy-le-Grand,
Provexi,"Assistance, maitrise d’œuvre conseil et vente de logiciels, ingénieure.",SCOP,,Grand Est (FR),,https://www.les-scop.coop/provexi?field_code_naf=&field_depart=All&field_secteur_activite_structure=1872&field_type_de_cooperative=All&locality=PARIS&search_api_fulltext=,,,,48.576464,7.751723,Rue Fred Vlès,Rue Fred Vlès 67000 Strasbourg,Strasbourg,
Proxi-Info,"Maintenance, assistance informatique, développement de sites internet et d'applications et formation.",SCOP,,Normandie (FR),,https://www.les-scop.coop/proxi-info,,,,49.178457,-0.368442,Rue Fred Scamaroni,Rue Fred Scamaroni 14000 Caen,Caen,
Pythonian,"Informatique : développement, info scientifique, formation.",SCOP,,Île-de-France (FR),,https://www.les-scop.coop/pythonian?federation=federations/3/&field_code_naf=&page=4,,,,48.847044,2.567443,Rue des Femmes de Fr,Rue des Femmes de Fr 93160 Noisy-le-Grand,Noisy-le-Grand,
Radiko,Bureau d'études informatique,SCOP,,Île-de-France (FR),,https://www.les-scop.coop/radiko?field_code_naf=&field_depart=All&field_secteur_activite_structure=1874&field_type_de_cooperative=All&locality=&search_api_fulltext=,,,,48.847044,2.567443,Rue des Femmes de Fr,Rue des Femmes de Fr 93160 Noisy-le-Grand,Noisy-le-Grand,
Rec Telecom,tous travaux de télécomunication.,SCOP,,Provence-Alpes-Côte d'Azur (FR),,https://www.les-scop.coop/rec-telecom?field_code_naf=&field_depart=1424&field_secteur_activite_structure=All&field_type_de_cooperative=All&locality=&search_api_fulltext=,,,,43.518365,5.460918,Résidence Fr Mistral All des Cigales,Résidence Fr Mistral All des Cigales 13100 Aix-en-Provence,Aix-en-Provence,
Savadenn,Conseil en systèmes et développement sur mesure de logiciels informatiques,SCOP,,Bretagne (FR),,https://www.les-scop.coop/savadenn?field_code_naf=&field_depart=1424&field_secteur_activite_structure=All&field_type_de_cooperative=All&locality=&search_api_fulltext=,,,,47.678914,-2.759753,Place Fred Regnier,Place Fred Regnier 56000 Vannes,Vannes,
Scep,DÉVELOPPEMENT LOGICIEL,SCOP,,Provence-Alpes-Côte d'Azur (FR),,https://www.les-scop.coop/scep?federation=federations/3/&field_code_naf=&page=41,,,,43.518365,5.460918,Résidence Fr Mistral All des Cigales,Résidence Fr Mistral All des Cigales 13100 Aix-en-Provence,Aix-en-Provence,
Scop Data,Conception etude rélisation de réseaux informatiques et télécommunication.,SCOP,,Occitanie (FR),,https://www.les-scop.coop/scop-data,,,,43.768257,2.003781,Rue C E Fr Italie 1943 1944,Rue C E Fr Italie 1943 1944 81300 Graulhet,Graulhet,
Scop It,"Prestation de service en informatique, conseil, développement de logiciel, gestion de projet et formation.",SCOP,,Île-de-France (FR),,https://www.les-scop.coop/scop-it?field_code_naf=&field_secteur_activite_structure=1874&page=3,,,,48.847044,2.567443,Rue des Femmes de Fr,Rue des Femmes de Fr 93160 Noisy-le-Grand,Noisy-le-Grand,
Scopen,Conseil et développement de solutions informatiques,SCOP,,Auvergne-Rhône-Alpes (FR),,https://www.les-scop.coop/scopen?field_code_naf=&field_secteur_activite_structure=1872&page=2,,,,45.337773,4.312641,Rue a C Afrique Fr Nord,Rue a C Afrique Fr Nord 43240 Saint-Just-Malmont,Saint-Just-Malmont,
Scopika,Conseil en création et gestion Internet - Création de sites internet et formation liée au multimédia,SCOP,,Auvergne-Rhône-Alpes (FR),,https://www.les-scop.coop/scopika,,,,45.337773,4.312641,Rue a C Afrique Fr Nord,Rue a C Afrique Fr Nord 43240 Saint-Just-Malmont,Saint-Just-Malmont,
Scopopop,"Etude, conseil, conception, audit et développement de projets informatiques.",SCOP,,Île-de-France (FR),,https://www.les-scop.coop/scopopop,,,,48.847044,2.567443,Rue des Femmes de Fr,Rue des Femmes de Fr 93160 Noisy-le-Grand,Noisy-le-Grand,
Scopyleft,Etude conseil accompagnement organisation et suivi de projets informatiques.,SCOP,,Occitanie (FR),,https://www.les-scop.coop/scopyleft?field_code_naf_target_id=&page=4,,,,43.768257,2.003781,Rue C E Fr Italie 1943 1944,Rue C E Fr Italie 1943 1944 81300 Graulhet,Graulhet,
Seed By Seed,Développement de jeux et applications interactives,SCOP,,Nouvelle-Aquitaine (FR),,https://www.les-scop.coop/seed-by-seed?page=3,,,,44.766256,-1.1208,Allee d’Aquitaine,Allee d’Aquitaine 33740 Arès,Arès,
Sepla Cooperative Des Tilleuls,"Conception et production de services et supports de communication,de services informatiques et de systèmes d'information....",SCOP,,Hauts-de-France (FR),,https://www.les-scop.coop/sepla-cooperative-des-tilleuls?field_code_naf=&field_depart=All&field_secteur_activite_structure=1866&field_type_de_cooperative=All&locality=LYON&search_api_fulltext=,,,,49.595095,3.374697,Rue de la 1ere Div Fr Libre,Rue de la 1ere Div Fr Libre 02410 Saint-Gobain,Saint-Gobain,
Sevme Informatique Et Services,"Conception de matériel et logiciels pour la télégestion des réseaux de distribution de gaz, électricité et eau.",SCOP,,Provence-Alpes-Côte d'Azur (FR),,https://www.les-scop.coop/sevme-informatique-et-services?field_code_naf=&page=96&selector=.js-view-dom-id-952813ef72cf7de845e67dd7594fac5e5e15f570cfc9d3e977101415dd7f1763,,,,43.518365,5.460918,Résidence Fr Mistral All des Cigales,Résidence Fr Mistral All des Cigales 13100 Aix-en-Provence,Aix-en-Provence,
Sigec,"Conseils et études en organisation communication, informatique, bureautique, technologie de l'information. Editeur de logiciels pour les...",SCOP,,Provence-Alpes-Côte d'Azur (FR),,https://www.les-scop.coop/sigec?field_code_naf=&page=27,,,,43.518365,5.460918,Résidence Fr Mistral All des Cigales,Résidence Fr Mistral All des Cigales 13100 Aix-en-Provence,Aix-en-Provence,
Sigilence Technologies,Conseils en systèmes et logiciels informatiques,SCOP,,Occitanie (FR),,https://www.les-scop.coop/sigilence-technologies?field_code_naf=&page=27,,,,43.768257,2.003781,Rue C E Fr Italie 1943 1944,Rue C E Fr Italie 1943 1944 81300 Graulhet,Graulhet,
Signes Et Formations,"Conseil en système et logiciels informatiques, éditions de contenus pédagogiques multimédias, intérprétation-traduction en langue des signes français...",SCOP,,Auvergne-Rhône-Alpes (FR),,https://www.les-scop.coop/signes-et-formations?field_code_naf=&field_depart=1456&field_secteur_activite_structure=All&field_type_de_cooperative=All&locality=&search_api_fulltext=,,,,45.337773,4.312641,Rue a C Afrique Fr Nord,Rue a C Afrique Fr Nord 43240 Saint-Just-Malmont,Saint-Just-Malmont,
Simpi,"Conseil et prestation, formation dans le domaine de l'informatique.",SCOP,,Occitanie (FR),,https://www.les-scop.coop/simpi?field_code_naf=&field_depart=1851&field_secteur_activite_structure=All&field_type_de_cooperative=All&locality=&search_api_fulltext=,,,,43.768257,2.003781,Rue C E Fr Italie 1943 1944,Rue C E Fr Italie 1943 1944 81300 Graulhet,Graulhet,
Spotlab,"Agence digitale : développement de votre site ou application sur mesure ou à l’aide d’un CMS, définition de votre identité visuelle, stratégie de...",SCOP,,Île-de-France (FR),,https://www.les-scop.coop/spotlab?page=4,,,,48.847044,2.567443,Rue des Femmes de Fr,Rue des Femmes de Fr 93160 Noisy-le-Grand,Noisy-le-Grand,
Studio 42°9,"Communication tous supports, graphisme, développement de sites et applications Web marketing, réseaux sociaux, photographies, films vidéo, conseil...",SCOP,,Corse (FR),,https://www.les-scop.coop/studio-42deg9,,,,41.591386,9.278637,Rue Fred Scamaroni,Rue Fred Scamaroni 20137 Porto-Vecchio,Porto-Vecchio,
Switch,"Développement web, développement applicatif, développement mobile, conseil et expertise, formation en ces domaines.",SCOP,,Île-de-France (FR),,https://www.les-scop.coop/switch?field_code_naf=&page=27,,,,48.847044,2.567443,Rue des Femmes de Fr,Rue des Femmes de Fr 93160 Noisy-le-Grand,Noisy-le-Grand,
Troizaire,Editeur de logiciel web.,SCOP,,Provence-Alpes-Côte d'Azur (FR),,https://www.les-scop.coop/troizaire?field_code_naf_target_id=&page=4,,,,43.518365,5.460918,Résidence Fr Mistral All des Cigales,Résidence Fr Mistral All des Cigales 13100 Aix-en-Provence,Aix-en-Provence,
Téléscoop,"Participer à la construction d’un monde plus respectueux de l’humain et du vivant, par tous moyens et notamment via la conception et la mise à...",SCOP,,Île-de-France (FR),,https://www.les-scop.coop/telescoop?page=15,,,,48.847044,2.567443,Rue des Femmes de Fr,Rue des Femmes de Fr 93160 Noisy-le-Grand,Noisy-le-Grand,
Ut7,"• Développement de solutions pour la conduite de projets, l'ingénierie, l'élaboration de stratégies d'affaires et d'architecture des systèmes d...",SCOP,,Île-de-France (FR),,https://www.les-scop.coop/ut7?field_code_naf=&field_depart=1456&field_secteur_activite_structure=All&field_type_de_cooperative=All&locality=&search_api_fulltext=,,,,48.847044,2.567443,Rue des Femmes de Fr,Rue des Femmes de Fr 93160 Noisy-le-Grand,Noisy-le-Grand,
Vodolis,"Installateur en téléphonie, Opérateur, réseau informatique et courant faibles.",SCOP,,Centre-Val de Loire (FR),,https://www.les-scop.coop/vodolis?field_code_naf=&field_depart=All&field_secteur_activite_structure=1874&field_type_de_cooperative=All&locality=&search_api_fulltext=,,,,47.842072,2.000717,Chemin de la Hare,Chemin de la Hare 45590 Saint-Cyr-en-Val,Saint-Cyr-en-Val,
W3B Experience Magnetic,"Développement Web, conseil, conception, architecture logicielle et matérielle, support, hotline.",SCOP,,Île-de-France (FR),,https://www.les-scop.coop/w3b-experience-magnetic?field_code_naf=&page=3,,,,48.847044,2.567443,Rue des Femmes de Fr,Rue des Femmes de Fr 93160 Noisy-le-Grand,Noisy-le-Grand,
Webu,"Multimédia - Production, mise en oeuvre et développement de systèmes collaboratifs par internet.",SCOP,,Auvergne-Rhône-Alpes (FR),,https://www.les-scop.coop/webu?page=7,,,,45.337773,4.312641,Rue a C Afrique Fr Nord,Rue a C Afrique Fr Nord 43240 Saint-Just-Malmont,Saint-Just-Malmont,
Widip,Hébergement informatique en Cloud privé,SCOP,,Auvergne-Rhône-Alpes (FR),,https://www.les-scop.coop/widip?field_code_naf=&field_depart=All&field_secteur_activite_structure=1874&field_type_de_cooperative=All&locality=&search_api_fulltext=,,,,45.337773,4.312641,Rue a C Afrique Fr Nord,Rue a C Afrique Fr Nord 43240 Saint-Just-Malmont,Saint-Just-Malmont,
Wl Informatique,"Toutes prestations de services et maintenances, formation dans le domaine de l'informatique, téléphone et distribution de produits.",SCOP,,Grand Est (FR),,https://www.les-scop.coop/wl-informatique,,,,48.576464,7.751723,Rue Fred Vlès,Rue Fred Vlès 67000 Strasbourg,Strasbourg,
#Aptic,"concevoir, développer, déployer et mettre en œuvre des solution et des services qui permettent de rapprocher des publics éloignés du numérique.",SCIC,,Nouvelle-Aquitaine (FR),,https://www.les-scop.coop/aptic?field_code_naf=&page=96&selector=.js-view-dom-id-952813ef72cf7de845e67dd7594fac5e5e15f570cfc9d3e977101415dd7f1763,,,,44.766256,-1.1208,Allee d’Aquitaine,Allee d’Aquitaine 33740 Arès,Arès,
Apidae Tourisme,"Plateforme numérique de mise en relation des acteurs du tourisme pour gérer, lier et diffuser les données touristiques.",SCIC,,Auvergne-Rhône-Alpes (FR),,https://www.les-scop.coop/apidae-tourisme,,,,45.337773,4.312641,Rue a C Afrique Fr Nord,Rue a C Afrique Fr Nord 43240 Saint-Just-Malmont,Saint-Just-Malmont,
Applications Web Pour Associations,Développement et maintenance d'outils numériques et graphiques d'aides à la gestion des associations.,SCIC,,Nouvelle-Aquitaine (FR),,https://www.les-scop.coop/applications-web-pour-associations?page=4,,,,44.766256,-1.1208,Allee d’Aquitaine,Allee d’Aquitaine 33740 Arès,Arès,
Coopcircuits,Mise à disposition mutualisée de portails de gestion numériques soutenant l'organisation des circuits courts. Animation de communautés apprenantes...,SCIC,,Auvergne-Rhône-Alpes (FR),,https://www.les-scop.coop/coopcircuits?field_code_naf=&field_depart=1424&field_secteur_activite_structure=All&field_type_de_cooperative=All&locality=&search_api_fulltext=,,,,45.337773,4.312641,Rue a C Afrique Fr Nord,Rue a C Afrique Fr Nord 43240 Saint-Just-Malmont,Saint-Just-Malmont,
Game In Lab,Production de services de Playtests,SCIC,,Hauts-de-France (FR),,https://www.les-scop.coop/game-in-lab?federation=federations/3/&field_code_naf=&page=43,,,,49.595095,3.374697,Rue de la 1ere Div Fr Libre,Rue de la 1ere Div Fr Libre 02410 Saint-Gobain,Saint-Gobain,
Jardin Doctets,plateforme de vente en ligne destinée aux sociétaires de la SCIC.. Proposer des services numériques. Promouvoir le logiciel de gestion. Mutualiser les...,SCIC,,Occitanie (FR),,https://www.les-scop.coop/jardin-doctets?field_code_naf=&field_depart=All&field_secteur_activite_structure=1874&field_type_de_cooperative=All&locality=&search_api_fulltext=,,,,43.768257,2.003781,Rue C E Fr Italie 1943 1944,Rue C E Fr Italie 1943 1944 81300 Graulhet,Graulhet,
La Mednum,Conseil en systèmes et logiciels informatiques.,SCIC,,Île-de-France (FR),,https://www.les-scop.coop/la-mednum?page=4,,,,48.847044,2.567443,Rue des Femmes de Fr,Rue des Femmes de Fr 93160 Noisy-le-Grand,Noisy-le-Grand,
Louty,Développement de solutions informatiques de gestion des entreprises de l'ESS. Conseil en gestion et en organisation des systèmes d'informations.,SCIC,,Auvergne-Rhône-Alpes (FR),,https://www.les-scop.coop/louty?field_code_naf=&field_depart=All&field_secteur_activite_structure=1874&field_type_de_cooperative=All&locality=&search_api_fulltext=,,,,45.337773,4.312641,Rue a C Afrique Fr Nord,Rue a C Afrique Fr Nord 43240 Saint-Just-Malmont,Saint-Just-Malmont,
Lune Bleue,"Programmation, conception et développement et de produits numériques, conseils, activités de design, formation, coworking.",SCIC,,Occitanie (FR),,https://www.les-scop.coop/lune-bleue?field_code_naf=&page=11&selector=.js-view-dom-id-2587f8e44cf9c3af95fdb218b23fa72a45fe0c881655bd3c3bd46c231dcf11c6,,,,43.768257,2.003781,Rue C E Fr Italie 1943 1944,Rue C E Fr Italie 1943 1944 81300 Graulhet,Graulhet,
Massifix,"Offrir l'accès internet très haut débit à des coûts compétitifs par un lieu d'interconnexion local, neutre et ouvert.",SCIC,,Auvergne-Rhône-Alpes (FR),,https://www.les-scop.coop/massifix?field_code_naf=&page=11,,,,45.337773,4.312641,Rue a C Afrique Fr Nord,Rue a C Afrique Fr Nord 43240 Saint-Just-Malmont,Saint-Just-Malmont,
Mnemotix,SSII spécialisé en ingénierie des connaissances et web sémantique,SCIC,,Provence-Alpes-Côte d'Azur (FR),,https://www.les-scop.coop/mnemotix?page=11,,,,43.518365,5.460918,Résidence Fr Mistral All des Cigales,Résidence Fr Mistral All des Cigales 13100 Aix-en-Provence,Aix-en-Provence,
Mobicoop,"Invente, promeut, opère toutes formes de mobilité partagée, accessible et libérée",SCIC,,Grand Est (FR),,https://www.les-scop.coop/mobicoop?page=4,,,,48.576464,7.751723,Rue Fred Vlès,Rue Fred Vlès 67000 Strasbourg,Strasbourg,
Odass,Accompagnement numérique des acteurs et actrices sociaux et solidaires.,SCIC,,Île-de-France (FR),,https://www.les-scop.coop/odass,,,,48.847044,2.567443,Rue des Femmes de Fr,Rue des Femmes de Fr 93160 Noisy-le-Grand,Noisy-le-Grand,
Scic Provence Numerique,fablab numerique,SCIC,,Provence-Alpes-Côte d'Azur (FR),,https://www.les-scop.coop/scic-provence-numerique?field_code_naf=&field_secteur_activite_structure=1874&page=3,,,,43.518365,5.460918,Résidence Fr Mistral All des Cigales,Résidence Fr Mistral All des Cigales 13100 Aix-en-Provence,Aix-en-Provence,
Si Avesnois Lab,Production de services aux entreprises dans le domaine des technologies de l'information et de la communication.,SCIC,,Hauts-de-France (FR),,https://www.les-scop.coop/si-avesnois-lab?federation=federations/3/&field_code_naf=&page=41,,,,49.595095,3.374697,Rue de la 1ere Div Fr Libre,Rue de la 1ere Div Fr Libre 02410 Saint-Gobain,Saint-Gobain,
Socoop,Conseil en systèmes et logiciels informatiques.,SCIC,,Auvergne-Rhône-Alpes (FR),,https://www.les-scop.coop/socoop,,,,45.337773,4.312641,Rue a C Afrique Fr Nord,Rue a C Afrique Fr Nord 43240 Saint-Just-Malmont,Saint-Just-Malmont,
Squaregolab,Atelier de fabrication numérique collectif (Fablab),SCIC,,Occitanie (FR),,https://www.les-scop.coop/squaregolab?field_code_naf=&page=20,,,,43.768257,2.003781,Rue C E Fr Italie 1943 1944,Rue C E Fr Italie 1943 1944 81300 Graulhet,Graulhet,
Ss3I,Prestations de conseils informatiques et mises en relation de travailleurs indépendants exerçant dans l'informatique avec des bénéficiaires.,SCIC,,Île-de-France (FR),,https://www.les-scop.coop/ss3i?federation=federations/3/&field_code_naf=&page=41,,,,48.847044,2.567443,Rue des Femmes de Fr,Rue des Femmes de Fr 93160 Noisy-le-Grand,Noisy-le-Grand,
Startin'Blox,"Le développement, la création, l'hébergement et l'administration système de sites Web, d'application mobiles, de logiciels informatiques, de services...",SCIC,,Île-de-France (FR),,https://www.les-scop.coop/startin-blox,,,,48.847044,2.567443,Rue des Femmes de Fr,Rue des Femmes de Fr 93160 Noisy-le-Grand,Noisy-le-Grand,
Yaal Coop,"Prestations de services informatiques, hébergement de services en ligne et conseils et études en système d'information",SCIC,,Nouvelle-Aquitaine (FR),,https://www.les-scop.coop/yaal-coop?field_code_naf=&field_secteur_activite_structure=1874&field_type_de_cooperative=1385&page=3,,,,44.766256,-1.1208,Allee d’Aquitaine,Allee d’Aquitaine 33740 Arès,Arès,
